{"cameraMode":{"drawMode":0,"name":"Shaded","section":"Shading Mode"},"sceneLighting":true,"audioPlay":false,"sceneViewState":{"showFog":true,"showMaterialUpdate":false,"showSkybox":true,"showFlares":true,"showImageEffects":true,"showParticleSystems":true},"in2DMode":false,"pivot":{"x":1.3182036876678467,"y":-0.12669366598129273,"z":0.5355886816978455},"rotation":{"x":0.09818349778652191,"y":0.7027221322059631,"z":-0.09889267385005951,"w":0.6976848840713501},"size":1.4940154552459717,"orthographic":false}